{"cameraMode":{"drawMode":0,"name":"Shaded","section":"Shading Mode"},"sceneLighting":true,"audioPlay":false,"sceneViewState":{"showFog":true,"showMaterialUpdate":false,"showSkybox":true,"showFlares":true,"showImageEffects":true,"showParticleSystems":true,"showVisualEffectGraphs":true,"m_FxEnabled":true},"in2DMode":false,"pivot":{"x":34.771873474121097,"y":64.28572082519531,"z":127.24298095703125},"rotation":{"x":-0.37712979316711428,"y":-0.035832349210977557,"z":0.014603509567677975,"w":-0.9253537654876709},"size":12.778547286987305,"orthographic":false}